[null,{"name":"Help","permissions":"ADMINISTRATOR","restriction":"0","actions":[{"channel":"0","varName":"","message":"```\n!Help                      Lists available commands\n!Kick [@user] [reason]     Kicks the mentioned user\n!Ban [@user] [reason]      Bans the mentioned user\n!Mute [@user]              Mutes the mentioned user\n!Unmute [@user]            Unmutes the mentioned user\n!DeleteChannel [#channel]  Deletes the mentioned channel\n!DeleteRole [#channel]     Deletes the mentioned role\n```","storage":"0","varName2":"","name":"Send Message"}],"_id":"ewrvn"},{"name":"Kick","permissions":"KICK_MEMBERS","restriction":"1","actions":[{"condition":"1","comparison":"0","value":"1","iftrue":"3","iftrueVal":"2","iffalse":"0","iffalseVal":"","name":"Check Parameters"},{"channel":"0","varName":"","message":"```\nPlease mention one user in order to kick them!\n!Kick [@user] [reason]\n```","storage":"0","varName2":"","name":"Send Message"},{"name":"End Action Sequence"},{"info":"1","infoIndex":"2","storage":"1","varName":"reason","name":"Store Command Params"},{"member":"0","varName":"","reason":"${tempVars(\"reason\") || \"\"}","name":"Kick Member"}],"_id":"mlWAp"},{"name":"Ban","permissions":"BAN_MEMBERS","restriction":"1","actions":[{"condition":"1","comparison":"0","value":"1","iftrue":"3","iftrueVal":"2","iffalse":"0","iffalseVal":"","name":"Check Parameters"},{"channel":"0","varName":"","message":"```\nPlease mention one user in order to ban them!\n!Ban [@user] [reason]\n```","storage":"0","varName2":"","name":"Send Message"},{"name":"End Action Sequence"},{"info":"1","infoIndex":"2","storage":"1","varName":"reason","name":"Store Command Params"},{"member":"0","varName":"","reason":"${tempVars(\"reason\") || \"\"}","name":"Ban Member"}],"_id":"sRaMb"},{"name":"Mute","permissions":"MUTE_MEMBERS","restriction":"1","actions":[{"condition":"1","comparison":"0","value":"1","iftrue":"3","iftrueVal":"2","iffalse":"0","iffalseVal":"","name":"Check Parameters"},{"channel":"0","varName":"","message":"```\nPlease mention one user in order to mute them!\n!Mute [@user]\n```","storage":"0","varName2":"","name":"Send Message"},{"name":"End Action Sequence"},{"member":"0","varName":"","mute":"0","name":"Set Member Mute"}],"_id":"OwJRV"},{"name":"Unmute","permissions":"MUTE_MEMBERS","restriction":"1","actions":[{"condition":"1","comparison":"0","value":"1","iftrue":"3","iftrueVal":"2","iffalse":"0","iffalseVal":"","name":"Check Parameters"},{"channel":"0","varName":"","message":"```\nPlease mention one user in order to unmute them!\n!Unmute [@user]\n```","storage":"0","varName2":"","name":"Send Message"},{"name":"End Action Sequence"},{"member":"0","varName":"","mute":"1","name":"Set Member Mute"}],"_id":"nlise"},{"name":"DeleteChannel","permissions":"MANAGE_CHANNELS","restriction":"1","actions":[{"condition":"2","comparison":"0","value":"1","iftrue":"3","iftrueVal":"2","iffalse":"0","iffalseVal":"","name":"Check Parameters"},{"channel":"0","varName":"","message":"```\nPlease mention one channel in order to delete it!\n!DeleteChannel [#channel]\n```","storage":"0","varName2":"","name":"Send Message"},{"name":"End Action Sequence"},{"storage":"1","varName":"","name":"Delete Channel"}],"_id":"yzEOk"},{"name":"DeleteRole","permissions":"MANAGE_ROLES","restriction":"1","actions":[{"condition":"3","comparison":"0","value":"1","iftrue":"3","iftrueVal":"2","iffalse":"0","iffalseVal":"","name":"Check Parameters"},{"channel":"0","varName":"","message":"```\nPlease mention one role in order to delete it!\n!DeleteRole [@role]\n```","storage":"0","varName2":"","name":"Send Message"},{"name":"End Action Sequence"},{"storage":"0","varName":"","name":"Delete Role"}],"_id":"nhyAM"},{"name":"Startshift","permissions":"ADMINISTRATOR","restriction":"1","_id":"rmlpH","actions":[{"channel":"0","varName":"","message":"Shift is starting (link here once I get the link)","storage":"2","varName2":"","name":"Send Message"}]},{"name":"Endshift","permissions":"NONE","restriction":"1","_id":"oWWwB","actions":[]},{"name":"Open911","permissions":"NONE","restriction":"1","_id":"JHnVX","actions":[]},{"name":"Close911","permissions":"NONE","restriction":"1","_id":"Qcfha","actions":[]},{"name":"Announce","permissions":"NONE","restriction":"1","_id":"KYjnZ","actions":[]},{"name":"Event","permissions":"NONE","restriction":"1","_id":"TUnSB","actions":[]}]